ats,boards,roles_fetched,vendor_publishes_count,boards_verified_complete,boards_count_mismatch,boards_unreachable
greenhouse,3576,139548,yes,3508,0,68
bamboohr,3492,27041,yes,3474,0,18
ashby,2486,49636,no,0,0,33
workable,1875,53067,no,0,0,8
workday,1326,492242,yes,1256,4,6
recruitee,1043,17577,no,0,0,7
personio,866,9455,no,0,0,6
rippling,864,8362,no,0,0,14
lever,163,8459,no,0,0,0
successfactors,15,5401,yes,15,0,0
eightfold,8,6872,yes,8,0,0
phenom,4,19150,yes,4,0,0
TOTAL,15718,836810,8421 of 15718 = 53.6%,8265,4,160
