day,boards,postings,unique_roles,boards_verified,taken_at
2026-08-29,1118,61497,57968,684,2026-08-29T06:23:57
2026-08-30,1118,61460,57931,684,2026-08-30T06:24:15
2026-08-31,1119,61441,57908,685,2026-08-31T06:24:15
2026-09-01,1118,61374,57850,684,2026-09-01T06:24:20
2026-09-02,1141,61757,58163,695,2026-09-02T06:24:14
2026-09-03,1140,61668,58114,694,2026-09-03T06:24:08
2026-09-04,1210,64456,60807,693,2026-09-04T06:26:07
2026-09-05,1207,64542,60886,691,2026-09-05T06:26:07
2026-09-06,1206,64527,60876,691,2026-09-06T06:26:24
2026-09-07,1205,64023,60404,691,2026-09-07T06:26:17
2026-09-08,1193,62598,59035,686,2026-09-08T06:26:59
2026-09-09,1200,63881,60265,688,2026-09-09T06:26:37
2026-09-10,1200,64411,60767,688,2026-09-10T06:26:12
2026-09-11,1198,64623,60974,687,2026-09-11T06:26:12
2026-09-14,1195,64927,61303,686,2026-09-14T21:02:21
2026-09-15,15881,901197,815540,8789,2026-09-15T23:03:21
2026-09-16,15863,931874,854626,8769,2026-09-16T08:51:06
2026-09-17,15827,930570,852436,8748,2026-09-17T08:53:10
